﻿<?xml version="1.0" encoding="UTF-8" standalone="yes"?>
<addon id="plugin.video.seriesly"
    name="series.ly"
    version="0.7"
    provider-name="plutec">
  <requires>
    <import addon="xbmc.python" version="2.1.0" />
    <import addon="script.module.simplejson" version="2.0.10" />
    <import addon="script.module.parsedom" version="2.5.1" />


   
   
    <import addon="script.common.plugin.cache" version="2.5.2" />
   
    <import addon="script.module.simple.downloader" version="1.9.4" />
  

  </requires>
  <extension point="xbmc.python.pluginsource" library="default.py">
    <provides>video</provides>
  </extension>
  <extension point="xbmc.addon.metadata">
    <summary lang="es">Series.ly</summary>
    <description lang="es">Con este plugin puedes ver tus series y películas favoritas por Internet a través de series.ly</description>
    <summary lang="en">Series.ly</summary>
    <description lang="en">With this plugin you can watch your favorite series and movies online through series.ly</description>
    <platform>all</platform>
  </extension>
</addon>